{
  "total_training_time": 887.3041172027588,
  "best_accuracy": 63.27123397435897,
  "final_train_accuracy": 53.72996794871795,
  "final_test_accuracy": 63.27123397435897,
  "performance_summary": {
    "data_load_time_avg": 0.0005025341571905674,
    "data_load_time_total": 0.9799416065216064,
    "data_load_time_min": 0.0,
    "data_load_time_max": 0.0015225410461425781,
    "forward_time_avg": 0.006736169228186974,
    "forward_time_total": 13.1355299949646,
    "forward_time_min": 0.0019876956939697266,
    "forward_time_max": 1.178950548171997,
    "backward_time_avg": 0.009148668264731383,
    "backward_time_total": 17.839903116226196,
    "backward_time_min": 0.0034592151641845703,
    "backward_time_max": 0.0690009593963623,
    "optimizer_time_avg": 0.0288826052347819,
    "optimizer_time_total": 56.32108020782471,
    "optimizer_time_min": 0.01799941062927246,
    "optimizer_time_max": 0.19399523735046387,
    "batch_time_avg": 0.4488234115050596,
    "batch_time_total": 874.7568290233612,
    "batch_time_min": 0.3662240505218506,
    "batch_time_max": 11.54436182975769,
    "epoch_time_avg": 167.23563451766967,
    "epoch_time_total": 836.1781725883484,
    "epoch_time_min": 162.23090314865112,
    "epoch_time_max": 177.44847059249878,
    "test_time_avg": 10.15842251777649,
    "test_time_total": 50.792112588882446,
    "test_time_min": 9.545787572860718,
    "test_time_max": 10.733487606048584,
    "cpu_memory_avg": 84.47999999999999,
    "cpu_memory_max": 85.5,
    "gpu_memory_avg": 0.023082208633422852,
    "gpu_memory_max": 0.026259422302246094
  },
  "training_config": {
    "epochs": 5,
    "mixed_precision": true,
    "gradient_accumulation": 1,
    "optimizer": "AdamW",
    "scheduler": "CosineAnnealingLR"
  }
}